event_at,event_type,monitor_id,observed_product_id,observed_variant_id,name_observed,canonical_url,old_value_observed,new_value_observed,old_value_normalized,new_value_normalized,percentage_change,evidence_url,run_id,notes
2026-09-17T03:10:49Z,added,7eb268ffde6341b3e6c7,1121629,8605342,4.93 Carat Yellow Sapphire (Pukhraj) Gemstone – Ring or Pendant Option,https://www.chakradhari.com/products/0605-carats-yellow-sapphire-gemstone-with-ring-or-pendant,,4.93 Carat Yellow Sapphire (Pukhraj) Gemstone – Ring or Pendant Option,,,,https://www.chakradhari.com/products/0605-carats-yellow-sapphire-gemstone-with-ring-or-pendant,20260917T031049Z,New canonical URL in complete product sitemap
2026-09-17T03:10:49Z,added,025fc53b62f9256a8485,775141,,103gm Clear Quartz Rock - श्वेत स्फ़टिक चट्टान,https://www.chakradhari.com/products/103gm_clear_quartz_rock,,103gm Clear Quartz Rock - श्वेत स्फ़टिक चट्टान,,,,https://www.chakradhari.com/products/103gm_clear_quartz_rock,20260917T031049Z,New canonical URL in complete product sitemap
2026-09-17T03:10:49Z,added,cb03fa4d0e250263f1a3,1054975,8388554,12.0 Carat Natural Fluorite Gemstone Ring or Pendant | Healing Crystal,https://www.chakradhari.com/products/120-carat-natural-fluorite-gemstone-with-ring-or-pendant,,12.0 Carat Natural Fluorite Gemstone Ring or Pendant | Healing Crystal,,,,https://www.chakradhari.com/products/120-carat-natural-fluorite-gemstone-with-ring-or-pendant,20260917T031049Z,New canonical URL in complete product sitemap
2026-09-17T03:10:49Z,added,263240bed71ff4b7cd74,746131,,120gm Ayurvedic Golden Pyrite Rock - आयुर्वेदिक स्वर्ण माक्षिक चट्टान,https://www.chakradhari.com/products/120gm_ayurvedic_golden_pyrite_rock_1,,120gm Ayurvedic Golden Pyrite Rock - आयुर्वेदिक स्वर्ण माक्षिक चट्टान,,,,https://www.chakradhari.com/products/120gm_ayurvedic_golden_pyrite_rock_1,20260917T031049Z,New canonical URL in complete product sitemap
2026-09-17T03:10:49Z,added,4adf20f400ef61945e56,775152,,130gm Clear Quartz Rock - श्वेत स्फ़टिक चट्टान,https://www.chakradhari.com/products/130gm_clear_quartz_rock,,130gm Clear Quartz Rock - श्वेत स्फ़टिक चट्टान,,,,https://www.chakradhari.com/products/130gm_clear_quartz_rock,20260917T031049Z,New canonical URL in complete product sitemap
2026-09-17T03:10:49Z,added,1a4cbf9d64caa2dc1eb1,775221,,1352gm Clear Quartz Rock - श्वेत स्फ़टिक चट्टान,https://www.chakradhari.com/products/1352gm_clear_quartz_rock,,1352gm Clear Quartz Rock - श्वेत स्फ़टिक चट्टान,,,,https://www.chakradhari.com/products/1352gm_clear_quartz_rock,20260917T031049Z,New canonical URL in complete product sitemap
2026-09-17T03:10:49Z,added,09c5599100329ca720ac,775222,,1509ggm Clear Quartz Rock - श्वेत स्फ़टिक चट्टान,https://www.chakradhari.com/products/1509gm_rose_quartz_rock,,1509ggm Clear Quartz Rock - श्वेत स्फ़टिक चट्टान,,,,https://www.chakradhari.com/products/1509gm_rose_quartz_rock,20260917T031049Z,New canonical URL in complete product sitemap
2026-09-17T03:10:49Z,added,3215654d6834d36f9212,775193,,153gm Clear Quartz Rock - श्वेत स्फ़टिक चट्टान,https://www.chakradhari.com/products/153gm_clear_quartz_rock,,153gm Clear Quartz Rock - श्वेत स्फ़टिक चट्टान,,,,https://www.chakradhari.com/products/153gm_clear_quartz_rock,20260917T031049Z,New canonical URL in complete product sitemap
2026-09-17T03:10:49Z,added,df95eec7e34480b25bbb,775201,,159gm Clear Quartz Rock - श्वेत स्फ़टिक चट्टान,https://www.chakradhari.com/products/159gm_clear_quartz_rock,,159gm Clear Quartz Rock - श्वेत स्फ़टिक चट्टान,,,,https://www.chakradhari.com/products/159gm_clear_quartz_rock,20260917T031049Z,New canonical URL in complete product sitemap
2026-09-17T03:10:49Z,added,14c7a587d0457677a916,775206,,179gm Clear Quartz Rock - श्वेत स्फ़टिक चट्टान,https://www.chakradhari.com/products/179gm_clear_quartz_rock,,179gm Clear Quartz Rock - श्वेत स्फ़टिक चट्टान,,,,https://www.chakradhari.com/products/179gm_clear_quartz_rock,20260917T031049Z,New canonical URL in complete product sitemap
2026-09-17T03:10:49Z,added,352d5654b3d45113f08d,775211,,187gm Clear Quartz Rock - श्वेत स्फ़टिक चट्टान,https://www.chakradhari.com/products/187gm_clear_quartz_rock,,187gm Clear Quartz Rock - श्वेत स्फ़टिक चट्टान,,,,https://www.chakradhari.com/products/187gm_clear_quartz_rock,20260917T031049Z,New canonical URL in complete product sitemap
2026-09-17T03:10:49Z,added,921a484a118fb6a3a49b,705151,,20.16 CARATS ROSE QUARTZ GEMSTONE-गुलाबी स्फटिक,https://www.chakradhari.com/products/2016_carats_rose_quartz_gemstone,,20.16 CARATS ROSE QUARTZ GEMSTONE-गुलाबी स्फटिक,,,,https://www.chakradhari.com/products/2016_carats_rose_quartz_gemstone,20260917T031049Z,New canonical URL in complete product sitemap
2026-09-17T03:10:49Z,added,e3f7f0ed853de2443968,775167,,241gm Clear Quartz Rock - श्वेत स्फ़टिक चट्टान,https://www.chakradhari.com/products/241gm_clear_quartz_rock,,241gm Clear Quartz Rock - श्वेत स्फ़टिक चट्टान,,,,https://www.chakradhari.com/products/241gm_clear_quartz_rock,20260917T031049Z,New canonical URL in complete product sitemap
2026-09-17T03:10:49Z,added,aca183bf51ce455f538d,647714,6616135,"26.75 Carats Firoza Gemstone With Silver Pendant - पिरोजक, फ़िरोज़ा",https://www.chakradhari.com/products/2675_carats_firoza_gemstone_with_silver_pendant,,"26.75 Carats Firoza Gemstone With Silver Pendant - पिरोजक, फ़िरोज़ा",,,,https://www.chakradhari.com/products/2675_carats_firoza_gemstone_with_silver_pendant,20260917T031049Z,New canonical URL in complete product sitemap
2026-09-17T03:10:49Z,added,88faffca69ec28e2a25d,775169,,278gm Clear Quartz Rock - श्वेत स्फ़टिक चट्टान,https://www.chakradhari.com/products/278gm_clear_quartz_rock,,278gm Clear Quartz Rock - श्वेत स्फ़टिक चट्टान,,,,https://www.chakradhari.com/products/278gm_clear_quartz_rock,20260917T031049Z,New canonical URL in complete product sitemap
2026-09-17T03:10:49Z,added,997c0c9e55563b7ab17e,775173,,303gm Clear Quartz Rock - श्वेत स्फ़टिक चट्टान,https://www.chakradhari.com/products/303gm_clear_quartz_rock,,303gm Clear Quartz Rock - श्वेत स्फ़टिक चट्टान,,,,https://www.chakradhari.com/products/303gm_clear_quartz_rock,20260917T031049Z,New canonical URL in complete product sitemap
2026-09-17T03:10:49Z,added,a38623b70844ee044d90,746559,,306gm Ayurvedic Golden Pyrite Rock - आयुर्वेदिक स्वर्ण माक्षिक चट्टान,https://www.chakradhari.com/products/306gm_ayurvedic_golden_pyrite_rock,,306gm Ayurvedic Golden Pyrite Rock - आयुर्वेदिक स्वर्ण माक्षिक चट्टान,,,,https://www.chakradhari.com/products/306gm_ayurvedic_golden_pyrite_rock,20260917T031049Z,New canonical URL in complete product sitemap
2026-09-17T03:10:49Z,added,a60d786daa326fd2a118,775223,,3636gm Clear Quartz Rock - श्वेत स्फ़टिक चट्टान,https://www.chakradhari.com/products/3636gm_clear_quartz_rock,,3636gm Clear Quartz Rock - श्वेत स्फ़टिक चट्टान,,,,https://www.chakradhari.com/products/3636gm_clear_quartz_rock,20260917T031049Z,New canonical URL in complete product sitemap
2026-09-17T03:10:49Z,added,d6ff761e491c12f21186,775216,,363gm Clear Quartz Rock - श्वेत स्फ़टिक चट्टान,https://www.chakradhari.com/products/363gm_clear_quartz_rock,,363gm Clear Quartz Rock - श्वेत स्फ़टिक चट्टान,,,,https://www.chakradhari.com/products/363gm_clear_quartz_rock,20260917T031049Z,New canonical URL in complete product sitemap
2026-09-17T03:10:49Z,added,a35f3fe11d4603e17c30,986885,8125829,4.04 Carats Yellow Topaz Gemstone With Ring Or Pendant - पीला पुखराज रत्न,https://www.chakradhari.com/products/404-carats-yellow-topaz-gemstone-with-ring-or-pendant-rrrr-rrrrrr-rrrr,,4.04 Carats Yellow Topaz Gemstone With Ring Or Pendant - पीला पुखराज रत्न,,,,https://www.chakradhari.com/products/404-carats-yellow-topaz-gemstone-with-ring-or-pendant-rrrr-rrrrrr-rrrr,20260917T031049Z,New canonical URL in complete product sitemap
2026-09-17T03:10:49Z,added,d27e95b87da9dd51e40a,775217,,532gm Clear Quartz Rock - श्वेत स्फ़टिक चट्टान,https://www.chakradhari.com/products/532gm_clear_quartz_rock,,532gm Clear Quartz Rock - श्वेत स्फ़टिक चट्टान,,,,https://www.chakradhari.com/products/532gm_clear_quartz_rock,20260917T031049Z,New canonical URL in complete product sitemap
2026-09-17T03:10:49Z,added,f134a05bbdc17bcd1211,775125,,84gm Clear Quartz Rock - श्वेत स्फ़टिक चट्टान,https://www.chakradhari.com/products/84gm_clear_quartz_rock,,84gm Clear Quartz Rock - श्वेत स्फ़टिक चट्टान,,,,https://www.chakradhari.com/products/84gm_clear_quartz_rock,20260917T031049Z,New canonical URL in complete product sitemap
2026-09-17T03:10:49Z,added,0b86ae84f63a39d9e95b,775133,,85gm Clear Quartz Rock - श्वेत स्फ़टिक चट्टान,https://www.chakradhari.com/products/85_gm_clear_quartz_rock,,85gm Clear Quartz Rock - श्वेत स्फ़टिक चट्टान,,,,https://www.chakradhari.com/products/85_gm_clear_quartz_rock,20260917T031049Z,New canonical URL in complete product sitemap
2026-09-17T03:10:49Z,added,2d7f832ba3e91a15ce0b,775132,,85gm Clear Quartz Rock - श्वेत स्फ़टिक चट्टान,https://www.chakradhari.com/products/85gm_clear_quartz_rock,,85gm Clear Quartz Rock - श्वेत स्फ़टिक चट्टान,,,,https://www.chakradhari.com/products/85gm_clear_quartz_rock,20260917T031049Z,New canonical URL in complete product sitemap
2026-09-17T03:10:49Z,added,113d7f5e24ff66903bbc,775174,,86gm Clear Quartz Rock - श्वेत स्फ़टिक चट्टान,https://www.chakradhari.com/products/86gm_clear_quartz_rock,,86gm Clear Quartz Rock - श्वेत स्फ़टिक चट्टान,,,,https://www.chakradhari.com/products/86gm_clear_quartz_rock,20260917T031049Z,New canonical URL in complete product sitemap
2026-09-17T03:10:49Z,added,e565a25b243a0003c366,775134,,87gm Clear Quartz Rock - श्वेत स्फ़टिक चट्टान,https://www.chakradhari.com/products/87gm_clear_quartz_rock,,87gm Clear Quartz Rock - श्वेत स्फ़टिक चट्टान,,,,https://www.chakradhari.com/products/87gm_clear_quartz_rock,20260917T031049Z,New canonical URL in complete product sitemap
2026-09-17T03:10:49Z,added,b3bdf88f9c0c21beec79,775136,,89gm Clear Quartz Rock - श्वेत स्फ़टिक चट्टान,https://www.chakradhari.com/products/89gm_clear_quartz_rock,,89gm Clear Quartz Rock - श्वेत स्फ़टिक चट्टान,,,,https://www.chakradhari.com/products/89gm_clear_quartz_rock,20260917T031049Z,New canonical URL in complete product sitemap
2026-09-17T03:10:49Z,added,de623a2a32c348bf00b3,775139,,95gm Clear Quartz Rock - श्वेत स्फ़टिक चट्टान,https://www.chakradhari.com/products/95gm_clear_quartz_rock,,95gm Clear Quartz Rock - श्वेत स्फ़टिक चट्टान,,,,https://www.chakradhari.com/products/95gm_clear_quartz_rock,20260917T031049Z,New canonical URL in complete product sitemap
2026-09-17T03:10:49Z,added,6677d70a89406b11db6f,682781,6352073,99.9% Silver Aquamarine Bracelet For Male And Female - चाँदी बेरूज वलय स्त्री पुरुष हेतु,https://www.chakradhari.com/products/999-pure-silver-aquamarine-bracelet-for-male-and-female,,99.9% Silver Aquamarine Bracelet For Male And Female - चाँदी बेरूज वलय स्त्री पुरुष हेतु,,,,https://www.chakradhari.com/products/999-pure-silver-aquamarine-bracelet-for-male-and-female,20260917T031049Z,New canonical URL in complete product sitemap
2026-09-17T03:10:49Z,added,73a2974ba91e3713de4b,686853,6361836,99.9% Silver Black Rutile Bracelet For Male And Female - चाँदी काला रंजारिज वलय स्त्री पुरुष हेतु,https://www.chakradhari.com/products/999-pure-silver-black-rutile-bracelet-for-male-and-female,,99.9% Silver Black Rutile Bracelet For Male And Female - चाँदी काला रंजारिज वलय स्त्री पुरुष हेतु,,,,https://www.chakradhari.com/products/999-pure-silver-black-rutile-bracelet-for-male-and-female,20260917T031049Z,New canonical URL in complete product sitemap
2026-09-17T03:10:49Z,added,a0f8892b7a5772c85a36,686839,6361746,99.9% Silver Green Onyx Bracelet For Male And Female - चाँदी हरा ओनिक्स वलय स्त्री पुरुष हेतु,https://www.chakradhari.com/products/999-pure-silver-green-onyx-bracelet-for-male-and-female,,99.9% Silver Green Onyx Bracelet For Male And Female - चाँदी हरा ओनिक्स वलय स्त्री पुरुष हेतु,,,,https://www.chakradhari.com/products/999-pure-silver-green-onyx-bracelet-for-male-and-female,20260917T031049Z,New canonical URL in complete product sitemap
2026-09-17T03:10:49Z,added,9a721f958c84a012eb3b,1196122,8852422,99.9% Pure Silver Kaalskand Wearing Mala for Men & Women | Handmade Black Bead Necklace,https://www.chakradhari.com/products/999-pure-silver-kaalskand-wearing-mala,,99.9% Pure Silver Kaalskand Wearing Mala for Men & Women | Handmade Black Bead Necklace,,,,https://www.chakradhari.com/products/999-pure-silver-kaalskand-wearing-mala,20260917T031049Z,New canonical URL in complete product sitemap
2026-09-17T03:10:49Z,added,464cbaffc7a1fddb1693,1071544,8861615,99.9% Pure Silver Sudarshan Chakra Rakhi – Traditional Rakhi Bracelet for Raksha Bandhan,https://www.chakradhari.com/products/999-pure-silver-sudarshan-chakra-rakhi,,99.9% Pure Silver Sudarshan Chakra Rakhi – Traditional Rakhi Bracelet for Raksha Bandhan,,,,https://www.chakradhari.com/products/999-pure-silver-sudarshan-chakra-rakhi,20260917T031049Z,New canonical URL in complete product sitemap
2026-09-17T03:10:49Z,added,831037f243d672dffd34,682785,6352081,99.9% Silver Sun Stone Bracelet For Male And Female - चाँदी सूर्य पत्थर वलय स्त्री पुरुष हेतु,https://www.chakradhari.com/products/999-pure-silver-sun-stone-bracelet-for-male-and-female,,99.9% Silver Sun Stone Bracelet For Male And Female - चाँदी सूर्य पत्थर वलय स्त्री पुरुष हेतु,,,,https://www.chakradhari.com/products/999-pure-silver-sun-stone-bracelet-for-male-and-female,20260917T031049Z,New canonical URL in complete product sitemap
2026-09-17T03:10:49Z,added,7d217c547dc499e00913,1186858,8812670,CHAKRADHARI 99.9% Pure Silver Beaded Tulsi Mala - 108 Natural Tulsi Beads for Daily Wearing,https://www.chakradhari.com/products/999-pure-silver-tulsi-beaded-mala,,CHAKRADHARI 99.9% Pure Silver Beaded Tulsi Mala - 108 Natural Tulsi Beads for Daily Wearing,,,,https://www.chakradhari.com/products/999-pure-silver-tulsi-beaded-mala,20260917T031049Z,New canonical URL in complete product sitemap
2026-09-17T03:10:49Z,added,f2ec2ec6b8a7bddf9219,1193303,8861621,99.9% Silver Brotherhood Charm & Natural Rudraksha Bead Rakhi | Handmade Raksha Bandhan Rakhi for Brother,https://www.chakradhari.com/products/999-silver-brotherhood-charm-natural-rudraksha-bead-rakhi,,99.9% Silver Brotherhood Charm & Natural Rudraksha Bead Rakhi | Handmade Raksha Bandhan Rakhi for Brother,,,,https://www.chakradhari.com/products/999-silver-brotherhood-charm-natural-rudraksha-bead-rakhi,20260917T031049Z,New canonical URL in complete product sitemap
2026-09-17T03:10:49Z,added,8a77b18fbe2970ead197,1193858,8861593,99.9% Pure Silver Chakradhari Logo Rakhi with Natural Rudraksha Beads | Handmade Raksha Bandhan Bracelet,https://www.chakradhari.com/products/999-silver-chakradhari-logo-with-rudraksha-bead-rakhi,,99.9% Pure Silver Chakradhari Logo Rakhi with Natural Rudraksha Beads | Handmade Raksha Bandhan Bracelet,,,,https://www.chakradhari.com/products/999-silver-chakradhari-logo-with-rudraksha-bead-rakhi,20260917T031049Z,New canonical URL in complete product sitemap
2026-09-17T03:10:49Z,added,5fb399de5da21e52c100,1193863,8861617,CHAKRADHARI 99.9% Silver Compass Charm Rakhi with Rudraksha Beads,https://www.chakradhari.com/products/999-silver-compass-charm-with-rudraksha-bead-rakhi,,CHAKRADHARI 99.9% Silver Compass Charm Rakhi with Rudraksha Beads,,,,https://www.chakradhari.com/products/999-silver-compass-charm-with-rudraksha-bead-rakhi,20260917T031049Z,New canonical URL in complete product sitemap
2026-09-17T03:10:49Z,added,6a31b8e6a1af2b06f91e,1199426,8861597,99.9% Pure Silver Durga Maa with Rudraksha Rakhi for Brother,https://www.chakradhari.com/products/999-silver-durga-face-with-rudraksha-rakhi,,99.9% Pure Silver Durga Maa with Rudraksha Rakhi for Brother,,,,https://www.chakradhari.com/products/999-silver-durga-face-with-rudraksha-rakhi,20260917T031049Z,New canonical URL in complete product sitemap
2026-09-17T03:10:49Z,added,631549954235417cb9c6,1200617,,99.9% Pure Silver Ganesh Ji Rakhi | Silver Raksha Bandhan Rakhi,https://www.chakradhari.com/products/999-silver-ganesh-ji-rakhi,,99.9% Pure Silver Ganesh Ji Rakhi | Silver Raksha Bandhan Rakhi,,,,https://www.chakradhari.com/products/999-silver-ganesh-ji-rakhi,20260917T031049Z,New canonical URL in complete product sitemap
2026-09-17T03:10:49Z,added,1d8698ced4b0c1739edd,1200610,,99.9% Pure Silver Garba Nritya Rakhi | Silver Raksha Bandhan Rakhi,https://www.chakradhari.com/products/999-silver-garba-nritya-rakhi,,99.9% Pure Silver Garba Nritya Rakhi | Silver Raksha Bandhan Rakhi,,,,https://www.chakradhari.com/products/999-silver-garba-nritya-rakhi,20260917T031049Z,New canonical URL in complete product sitemap
2026-09-17T03:10:49Z,added,7b0b05fada457b648fc9,1193861,8861613,CHAKRADHARI 99.9% Silver Heart Charm Rakhi with Natural Rudraksha Beads,https://www.chakradhari.com/products/999-silver-heart-charm-with-rudraksha-bead-rakhi,,CHAKRADHARI 99.9% Silver Heart Charm Rakhi with Natural Rudraksha Beads,,,,https://www.chakradhari.com/products/999-silver-heart-charm-with-rudraksha-bead-rakhi,20260917T031049Z,New canonical URL in complete product sitemap
2026-09-17T03:10:49Z,added,4345b27857d2fd36b708,1193307,8861623,99.9% Silver Heartbeat Charm Rakhi with Natural Rudraksha Beads | Handmade Raksha Bandhan Thread for Brother,https://www.chakradhari.com/products/999-silver-heartbeat-charm-with-natural-rudraksha-beads-rakhi,,99.9% Silver Heartbeat Charm Rakhi with Natural Rudraksha Beads | Handmade Raksha Bandhan Thread for Brother,,,,https://www.chakradhari.com/products/999-silver-heartbeat-charm-with-natural-rudraksha-beads-rakhi,20260917T031049Z,New canonical URL in complete product sitemap
2026-09-17T03:10:49Z,added,ca654cee8fc1abcd9cdc,1193862,8861619,99.9% Silver Infinity Symbol Charm Rakhi,https://www.chakradhari.com/products/999-silver-infinity-symbol-charm-with-rudraksha-bead-rakhi,,99.9% Silver Infinity Symbol Charm Rakhi,,,,https://www.chakradhari.com/products/999-silver-infinity-symbol-charm-with-rudraksha-bead-rakhi,20260917T031049Z,New canonical URL in complete product sitemap
2026-09-17T03:10:49Z,added,165b01c200caa4c48315,1193853,8861599,CHAKRADHARI 99.9% Silver Kalash Charm Rakhi with Natural Rudraksha Beads,https://www.chakradhari.com/products/999-silver-kalash-charm-with-rudraksha-bead-rakhi,,CHAKRADHARI 99.9% Silver Kalash Charm Rakhi with Natural Rudraksha Beads,,,,https://www.chakradhari.com/products/999-silver-kalash-charm-with-rudraksha-bead-rakhi,20260917T031049Z,New canonical URL in complete product sitemap
2026-09-17T03:10:49Z,added,bb0896a6d68409e2008c,1194872,8861609,CHAKRADHARI 99.9% Pure Silver Kamadhenu Rakhi with Natural Rudraksha Beads | Premium Raksha Bandhan Rakhi for Brother,https://www.chakradhari.com/products/999-silver-kamadhenu-with-rudraksha-bead-rakhi,,CHAKRADHARI 99.9% Pure Silver Kamadhenu Rakhi with Natural Rudraksha Beads | Premium Raksha Bandhan Rakhi for Brother,,,,https://www.chakradhari.com/products/999-silver-kamadhenu-with-rudraksha-bead-rakhi,20260917T031049Z,New canonical URL in complete product sitemap
2026-09-17T03:10:49Z,added,38249b9e49890809022b,1199423,8861587,99.9% Pure Silver Lakshmi Padam Rudraksha Rakhi for Brother – Pink Thread,https://www.chakradhari.com/products/999-silver-lakshmi-padam-with-rudraksha-bead-rakhi,,99.9% Pure Silver Lakshmi Padam Rudraksha Rakhi for Brother – Pink Thread,,,,https://www.chakradhari.com/products/999-silver-lakshmi-padam-with-rudraksha-bead-rakhi,20260917T031049Z,New canonical URL in complete product sitemap
2026-09-17T03:10:49Z,added,2bf18bc1d37d47cef7ce,1193308,8861585,99.9% Silver Lotus Charm with Natural Rudraksha Beads Rakhi | Handmade Raksha Bandhan Rakhi for Brother,https://www.chakradhari.com/products/999-silver-lotus-charm-with-rudraksha-bead-rakhi,,99.9% Silver Lotus Charm with Natural Rudraksha Beads Rakhi | Handmade Raksha Bandhan Rakhi for Brother,,,,https://www.chakradhari.com/products/999-silver-lotus-charm-with-rudraksha-bead-rakhi,20260917T031049Z,New canonical URL in complete product sitemap
2026-09-17T03:10:49Z,added,aa73930ca4a8db00b158,1138813,8668616,99.9% Silver Sikh Bangle for Men | Pure Silver Kada,https://www.chakradhari.com/products/999-silver-men-sikh-bangle,,99.9% Silver Sikh Bangle for Men | Pure Silver Kada,,,,https://www.chakradhari.com/products/999-silver-men-sikh-bangle,20260917T031049Z,New canonical URL in complete product sitemap
2026-09-17T03:10:49Z,added,930dfa72aaf5f9318632,1193859,8861591,99.9% Silver Morpankh Charm Rakhi,https://www.chakradhari.com/products/999-silver-morpankh-charm-with-rudraksha-bead-rakhi,,99.9% Silver Morpankh Charm Rakhi,,,,https://www.chakradhari.com/products/999-silver-morpankh-charm-with-rudraksha-bead-rakhi,20260917T031049Z,New canonical URL in complete product sitemap
2026-09-17T03:10:49Z,added,3f1c0e4fe68ce377e886,1193306,8861625,99.9% Silver Mountain Charm & Natural Rudraksha Bead Rakhi | Handmade Raksha Bandhan Rakhi for Brother,https://www.chakradhari.com/products/999-silver-mountain-charm-with-natural-rudraksha-beads-rakhi,,99.9% Silver Mountain Charm & Natural Rudraksha Bead Rakhi | Handmade Raksha Bandhan Rakhi for Brother,,,,https://www.chakradhari.com/products/999-silver-mountain-charm-with-natural-rudraksha-beads-rakhi,20260917T031049Z,New canonical URL in complete product sitemap
2026-09-17T03:10:49Z,added,8e71abed92e88a0cde41,1071546,8861605,99.9% Silver Shikhar Om Rakhi,https://www.chakradhari.com/products/999-silver-om-rakhi-with-temple-dome,,99.9% Silver Shikhar Om Rakhi,,,,https://www.chakradhari.com/products/999-silver-om-rakhi-with-temple-dome,20260917T031049Z,New canonical URL in complete product sitemap
2026-09-17T03:10:49Z,added,af2a7479671bb06636b2,1200623,,99.9% Pure Silver Oont Maharaj Rakhi | Silver Raksha Bandhan Rakhi,https://www.chakradhari.com/products/999-silver-oont-maharaj-rakhi,,99.9% Pure Silver Oont Maharaj Rakhi | Silver Raksha Bandhan Rakhi,,,,https://www.chakradhari.com/products/999-silver-oont-maharaj-rakhi,20260917T031049Z,New canonical URL in complete product sitemap
2026-09-17T03:10:49Z,added,6f145d953989ecd5dc30,1071545,8861607,99.9% Silver Surya Dev Rakhi,https://www.chakradhari.com/products/999-silver-rakhi-of-sun-god-r-surya-dev-raksha-sutra-for-rakshabandhan,,99.9% Silver Surya Dev Rakhi,,,,https://www.chakradhari.com/products/999-silver-rakhi-of-sun-god-r-surya-dev-raksha-sutra-for-rakshabandhan,20260917T031049Z,New canonical URL in complete product sitemap
2026-09-17T03:10:49Z,added,b72ae8ea183937f16acd,1200604,,99.9% Pure Silver Veena Rakhi | Saraswati Rakhi for Raksha Bandhan,https://www.chakradhari.com/products/999-silver-sahyadari-rakhi,,99.9% Pure Silver Veena Rakhi | Saraswati Rakhi for Raksha Bandhan,,,,https://www.chakradhari.com/products/999-silver-sahyadari-rakhi,20260917T031049Z,New canonical URL in complete product sitemap
2026-09-17T03:10:49Z,added,e1b2f1c17090ed647efd,1200627,,99.9% Pure Silver Sahyadri Rakhi | Silver Raksha Bandhan Rakhi,https://www.chakradhari.com/products/999-silver-sahyadri-rakhi,,99.9% Pure Silver Sahyadri Rakhi | Silver Raksha Bandhan Rakhi,,,,https://www.chakradhari.com/products/999-silver-sahyadri-rakhi,20260917T031049Z,New canonical URL in complete product sitemap
2026-09-17T03:10:49Z,added,af4d73a42f53ba94e2f5,1193852,8861601,CHAKRADHARI 99.9% Silver Shree Charm Rakhi with Natural Rudraksha Beads,https://www.chakradhari.com/products/999-silver-shree-charm-with-rudraksha-bead-rakhi,,CHAKRADHARI 99.9% Silver Shree Charm Rakhi with Natural Rudraksha Beads,,,,https://www.chakradhari.com/products/999-silver-shree-charm-with-rudraksha-bead-rakhi,20260917T031049Z,New canonical URL in complete product sitemap
2026-09-17T03:10:49Z,added,eaa099b55a1b5e55e569,1200622,,99.9% Pure Silver Suraksha Kavach Rakhi | Silver Raksha Bandhan Rakhi,https://www.chakradhari.com/products/999-silver-suraksha-kavach-rakhi,,99.9% Pure Silver Suraksha Kavach Rakhi | Silver Raksha Bandhan Rakhi,,,,https://www.chakradhari.com/products/999-silver-suraksha-kavach-rakhi,20260917T031049Z,New canonical URL in complete product sitemap
2026-09-17T03:10:49Z,added,5c11c45b60366e45031f,1199415,8861589,99.9% Pure Silver Swastik Rudraksha Rakhi for Brother – Orange Thread,https://www.chakradhari.com/products/999-silver-swastik_with-rudraksha-bead-rakhi,,99.9% Pure Silver Swastik Rudraksha Rakhi for Brother – Orange Thread,,,,https://www.chakradhari.com/products/999-silver-swastik_with-rudraksha-bead-rakhi,20260917T031049Z,New canonical URL in complete product sitemap
2026-09-17T03:10:49Z,added,6cfefe260e29c3245231,1193855,8861603,CHAKRADHARI 99.9% Silver Trishul Charm Rakhi with Natural Rudraksha Beads | Raksha Bandhan Rakhi for Brother,https://www.chakradhari.com/products/999-silver-trishool-charm-with-rudraksha-bead-rakhi,,CHAKRADHARI 99.9% Silver Trishul Charm Rakhi with Natural Rudraksha Beads | Raksha Bandhan Rakhi for Brother,,,,https://www.chakradhari.com/products/999-silver-trishool-charm-with-rudraksha-bead-rakhi,20260917T031049Z,New canonical URL in complete product sitemap
2026-09-17T03:10:49Z,added,ccbd17b67e1ff3b9d64e,1200608,,99.9% Pure Silver Tulsi Rakhi | Silver Raksha Bandhan Rakhi,https://www.chakradhari.com/products/999-silver-tulsi-rakhi,,99.9% Pure Silver Tulsi Rakhi | Silver Raksha Bandhan Rakhi,,,,https://www.chakradhari.com/products/999-silver-tulsi-rakhi,20260917T031049Z,New canonical URL in complete product sitemap
2026-09-17T03:10:49Z,added,fd9bdec094d4ce0bbb95,1199471,8861595,99.9% Pure Silver Twin Matsya with Rudraksha Rakhi for Brother,https://www.chakradhari.com/products/999-silver-twin-matasya-rakhi,,99.9% Pure Silver Twin Matsya with Rudraksha Rakhi for Brother,,,,https://www.chakradhari.com/products/999-silver-twin-matasya-rakhi,20260917T031049Z,New canonical URL in complete product sitemap
2026-09-17T03:10:49Z,added,144314b5db8ae9b325dc,1193849,8861611,CHAKRADHARI 99.9% Silver Vedic Aum Rakhi with Natural Rudraksha Beads,https://www.chakradhari.com/products/999-silver-vedic-aum-with-rudraksha-bead-rakhi,,CHAKRADHARI 99.9% Silver Vedic Aum Rakhi with Natural Rudraksha Beads,,,,https://www.chakradhari.com/products/999-silver-vedic-aum-with-rudraksha-bead-rakhi,20260917T031049Z,New canonical URL in complete product sitemap
2026-09-17T03:10:49Z,added,d9d7868601090b9c3234,676134,6279225,99.9% Pure Silver Amber Stone Bracelet For Male And Female - 99.9% शुद्ध चाँदी अम्बर चट्टान वलय स्त्री पुरुष हेतु,https://www.chakradhari.com/products/999_pure_silver_amber_stone_bracelet_for_male_and_female,,99.9% Pure Silver Amber Stone Bracelet For Male And Female - 99.9% शुद्ध चाँदी अम्बर चट्टान वलय स्त्री पुरुष हेतु,,,,https://www.chakradhari.com/products/999_pure_silver_amber_stone_bracelet_for_male_and_female,20260917T031049Z,New canonical URL in complete product sitemap
2026-09-17T03:10:49Z,added,18ca0441a1f2c5e34998,682776,6352061,99.9% Silver Amethyst Bracelet For Male And Female - चाँदी कटैला चट्टान वलय स्त्री पुरुष हेतु,https://www.chakradhari.com/products/999_pure_silver_amethyst_bracelet_for_male_and_female,,99.9% Silver Amethyst Bracelet For Male And Female - चाँदी कटैला चट्टान वलय स्त्री पुरुष हेतु,,,,https://www.chakradhari.com/products/999_pure_silver_amethyst_bracelet_for_male_and_female,20260917T031049Z,New canonical URL in complete product sitemap
2026-09-17T03:10:49Z,added,cdb24ed46ac3b86768ba,686849,6361794,99.9% Silver Black Agate Bracelet For Male And Female - चाँदी काला हकीक वलय स्त्री पुरुष हेतु,https://www.chakradhari.com/products/999_pure_silver_black_agate_bracelet_for_male_and_female,,99.9% Silver Black Agate Bracelet For Male And Female - चाँदी काला हकीक वलय स्त्री पुरुष हेतु,,,,https://www.chakradhari.com/products/999_pure_silver_black_agate_bracelet_for_male_and_female,20260917T031049Z,New canonical URL in complete product sitemap
2026-09-17T03:10:49Z,added,d00e313a493944bf7f2f,686859,6361878,99.9% Silver Black Obsidian Bracelet For Male And Female - चाँदी शीशा कराल वलय स्त्री पुरुष हेतु,https://www.chakradhari.com/products/999_pure_silver_black_obsidian_bracelet_for_male_and_female,,99.9% Silver Black Obsidian Bracelet For Male And Female - चाँदी शीशा कराल वलय स्त्री पुरुष हेतु,,,,https://www.chakradhari.com/products/999_pure_silver_black_obsidian_bracelet_for_male_and_female,20260917T031049Z,New canonical URL in complete product sitemap
2026-09-17T03:10:49Z,added,5fe91f52dcb8b6e4246c,643830,6262409,99.9% Silver Black Tourmaline Bracelet For Male And Female - चाँदी वैक्रांत वलय स्त्री पुरुष हेतु,https://www.chakradhari.com/products/999_pure_silver_black_tourmaline_bracelet_for_male_and_female,,99.9% Silver Black Tourmaline Bracelet For Male And Female - चाँदी वैक्रांत वलय स्त्री पुरुष हेतु,,,,https://www.chakradhari.com/products/999_pure_silver_black_tourmaline_bracelet_for_male_and_female,20260917T031049Z,New canonical URL in complete product sitemap
2026-09-17T03:10:49Z,added,836fa5c7c06443c64578,686798,6361513,99.9% Silver Blood Stone Bracelet For Male And Female - चाँदी रक्त पत्थर वलय स्त्री पुरुष हेतु,https://www.chakradhari.com/products/999_pure_silver_blood_stone_bracelet_for_male_and_female,,99.9% Silver Blood Stone Bracelet For Male And Female - चाँदी रक्त पत्थर वलय स्त्री पुरुष हेतु,,,,https://www.chakradhari.com/products/999_pure_silver_blood_stone_bracelet_for_male_and_female,20260917T031049Z,New canonical URL in complete product sitemap
2026-09-17T03:10:49Z,added,96b499a0b673ea269fff,738357,8852553,99.9% Pure Silver Chandan Wearing Mala (6mm)- 99.9% शुद्ध चाँदी में चन्दन माला धारण हेतु,https://www.chakradhari.com/products/999_pure_silver_chandan_wearing_mala_6mm_55_beads,,99.9% Pure Silver Chandan Wearing Mala (6mm)- 99.9% शुद्ध चाँदी में चन्दन माला धारण हेतु,,,,https://www.chakradhari.com/products/999_pure_silver_chandan_wearing_mala_6mm_55_beads,20260917T031049Z,New canonical URL in complete product sitemap
2026-09-17T03:10:49Z,added,a9f126f1cb26eee5a91d,676140,6279233,99.9% Silver Charoite Stone Bracelet For Male And Female - चाँदी चारा पत्थर वलय स्त्री पुरुष हेतु,https://www.chakradhari.com/products/999_pure_silver_charoite_stone_bracelet_for_male_and_female,,99.9% Silver Charoite Stone Bracelet For Male And Female - चाँदी चारा पत्थर वलय स्त्री पुरुष हेतु,,,,https://www.chakradhari.com/products/999_pure_silver_charoite_stone_bracelet_for_male_and_female,20260917T031049Z,New canonical URL in complete product sitemap
2026-09-17T03:10:49Z,added,a8ab6b6a393a17820c04,682774,6352057,99.9% Silver Hessonite Bracelet For Male And Female - चाँदी गोमेद वलय स्त्री पुरुष हेतु,https://www.chakradhari.com/products/999_pure_silver_hessonite_bracelet_for_male_and_female,,99.9% Silver Hessonite Bracelet For Male And Female - चाँदी गोमेद वलय स्त्री पुरुष हेतु,,,,https://www.chakradhari.com/products/999_pure_silver_hessonite_bracelet_for_male_and_female,20260917T031049Z,New canonical URL in complete product sitemap
2026-09-17T03:10:49Z,added,bb56b81fbe49634dbfc5,673126,6262393,99.9% Silver Howlite Bracelet For Male And Female - चाँदी हाउलाइट वलय स्त्री पुरुष हेतु,https://www.chakradhari.com/products/999_pure_silver_howlite_bracelet_for_male_and_female,,99.9% Silver Howlite Bracelet For Male And Female - चाँदी हाउलाइट वलय स्त्री पुरुष हेतु,,,,https://www.chakradhari.com/products/999_pure_silver_howlite_bracelet_for_male_and_female,20260917T031049Z,New canonical URL in complete product sitemap
2026-09-17T03:10:49Z,added,7ec6144b27f8b45e9787,682779,6352069,99.9% Silver Labradorite Bracelet For Male And Female - चाँदी लेब्रा पत्थर वलय स्त्री पुरुष हेतु,https://www.chakradhari.com/products/999_pure_silver_labradorite_bracelet_for_male_and_female,,99.9% Silver Labradorite Bracelet For Male And Female - चाँदी लेब्रा पत्थर वलय स्त्री पुरुष हेतु,,,,https://www.chakradhari.com/products/999_pure_silver_labradorite_bracelet_for_male_and_female,20260917T031049Z,New canonical URL in complete product sitemap
2026-09-17T03:10:49Z,added,6aac0a2bc18cc8533d82,725456,8852567,99.9% Pure Silver Lapis Lazuli Silver Wearing Mala (6mm) - 99.9% शुद्ध चाँदी में लाजवर्त चाँदी माला धारण हेतु,https://www.chakradhari.com/products/999_pure_silver_lapis_lazuli_silver_wearing_mala_6mm_54_plus_1_beads,,99.9% Pure Silver Lapis Lazuli Silver Wearing Mala (6mm) - 99.9% शुद्ध चाँदी में लाजवर्त चाँदी माला धारण हेतु,,,,https://www.chakradhari.com/products/999_pure_silver_lapis_lazuli_silver_wearing_mala_6mm_54_plus_1_beads,20260917T031049Z,New canonical URL in complete product sitemap
2026-09-17T03:10:49Z,added,620936d7e858ed539a7b,645647,8852587,99.9% Pure Silver Lapis Lazuli Tiger Eye Silver Pendant Mala - 99.9% शुद्ध चाँदी में लाजवर्त चाँदी माला संग लाजवर्त मोती वे चीति लटकन,https://www.chakradhari.com/products/999_pure_silver_lapis_lazuli_tiger_eye_silver_pendant_mala,,99.9% Pure Silver Lapis Lazuli Tiger Eye Silver Pendant Mala - 99.9% शुद्ध चाँदी में लाजवर्त चाँदी माला संग लाजवर्त मोती वे चीति लटकन,,,,https://www.chakradhari.com/products/999_pure_silver_lapis_lazuli_tiger_eye_silver_pendant_mala,20260917T031049Z,New canonical URL in complete product sitemap
2026-09-17T03:10:49Z,added,32a05d78c491d6636dc6,743001,6599757,99.9% Silver Lawa Stone Bracelet For Male And Female - चाँदी लावा वलय स्त्री पुरुष हेतु,https://www.chakradhari.com/products/999_pure_silver_lawa_stone_bracelet_for_male_and_female,,99.9% Silver Lawa Stone Bracelet For Male And Female - चाँदी लावा वलय स्त्री पुरुष हेतु,,,,https://www.chakradhari.com/products/999_pure_silver_lawa_stone_bracelet_for_male_and_female,20260917T031049Z,New canonical URL in complete product sitemap
2026-09-17T03:10:49Z,added,baf492dc7725dede9b92,734376,8852563,99.9% Pure Silver Lawa Wearing Mala (6mm) - 99.9% शुद्ध चाँदी लावा माला धारण हेतु,https://www.chakradhari.com/products/999_pure_silver_lawa_wearing_mala_6mm_55_beads,,99.9% Pure Silver Lawa Wearing Mala (6mm) - 99.9% शुद्ध चाँदी लावा माला धारण हेतु,,,,https://www.chakradhari.com/products/999_pure_silver_lawa_wearing_mala_6mm_55_beads,20260917T031049Z,New canonical URL in complete product sitemap
2026-09-17T03:10:49Z,added,f3ee2c0ccd0722ee3ac4,673123,6262391,99.9% Silver Malachite Bracelet For Male Female - चाँदी दाना फिरंग वलय स्त्री पुरुष हेतु,https://www.chakradhari.com/products/999_pure_silver_malachite_bracelet_for_male_female,,99.9% Silver Malachite Bracelet For Male Female - चाँदी दाना फिरंग वलय स्त्री पुरुष हेतु,,,,https://www.chakradhari.com/products/999_pure_silver_malachite_bracelet_for_male_female,20260917T031049Z,New canonical URL in complete product sitemap
2026-09-17T03:10:49Z,added,615d89f741a788d0c1e1,645666,8852577,99.9% Pure Silver Sphatik Mala In Silver (6mm) – 99.9% शुद्ध चाँदी में चांदी स्फटिक माला,https://www.chakradhari.com/products/999_pure_silver_sphatik_mala_in_silver_6mm_54_plus_1_beads,,99.9% Pure Silver Sphatik Mala In Silver (6mm) – 99.9% शुद्ध चाँदी में चांदी स्फटिक माला,,,,https://www.chakradhari.com/products/999_pure_silver_sphatik_mala_in_silver_6mm_54_plus_1_beads,20260917T031049Z,New canonical URL in complete product sitemap
2026-09-17T03:10:49Z,added,4279484175a201a8c3fd,739426,8852518,99.9% Pure Silver Tiger Eye Wearing Mala (6mm) - 99.9% शुद्ध चाँदी में चीता सूत्र माला धारण हेतु,https://www.chakradhari.com/products/999_pure_silver_tiger_eye_wearing_mala_6mm_55_beads,,99.9% Pure Silver Tiger Eye Wearing Mala (6mm) - 99.9% शुद्ध चाँदी में चीता सूत्र माला धारण हेतु,,,,https://www.chakradhari.com/products/999_pure_silver_tiger_eye_wearing_mala_6mm_55_beads,20260917T031049Z,New canonical URL in complete product sitemap
2026-09-17T03:10:49Z,added,133221c5dcda5c79d29f,775147,,99gm Clear Quartz Rock - श्वेत स्फ़टिक चट्टान,https://www.chakradhari.com/products/99gm_clear_quartz_rock,,99gm Clear Quartz Rock - श्वेत स्फ़टिक चट्टान,,,,https://www.chakradhari.com/products/99gm_clear_quartz_rock,20260917T031049Z,New canonical URL in complete product sitemap
2026-09-17T03:10:49Z,added,0ed913d9798eef1dd502,781331,,Bajne Wala Shankh Vamavarti Big Size Shell - T1 - 8.5 Inch By 4 Inch शंख,https://www.chakradhari.com/products/bajne_wala_shankh_vamavarti_big_size_shell_T1,,Bajne Wala Shankh Vamavarti Big Size Shell - T1 - 8.5 Inch By 4 Inch शंख,,,,https://www.chakradhari.com/products/bajne_wala_shankh_vamavarti_big_size_shell_T1,20260917T031049Z,New canonical URL in complete product sitemap
2026-09-17T03:10:49Z,added,f075809adc18ab3958f6,662361,,Bajne Wala Shankh Vamavarti Big Size Shell - L1 - 7.5 Inch By 4.4 Inch शंख,https://www.chakradhari.com/products/bajne_wala_shankh_vamavarti_big_size_shell_l1_75_inch_by_44_inch,,Bajne Wala Shankh Vamavarti Big Size Shell - L1 - 7.5 Inch By 4.4 Inch शंख,,,,https://www.chakradhari.com/products/bajne_wala_shankh_vamavarti_big_size_shell_l1_75_inch_by_44_inch,20260917T031049Z,New canonical URL in complete product sitemap
2026-09-17T03:10:49Z,added,b7b30d04f6f357daeff6,645594,,Bajne Wala Shankh Vamavarti Small Shell F1 – 4.75 Inch By 2.8 Inch - बजने वाला शंख,https://www.chakradhari.com/products/bajne_wala_shankh_vamavarti_small_shell_F1_475_inch_by_28_inch,,Bajne Wala Shankh Vamavarti Small Shell F1 – 4.75 Inch By 2.8 Inch - बजने वाला शंख,,,,https://www.chakradhari.com/products/bajne_wala_shankh_vamavarti_small_shell_F1_475_inch_by_28_inch,20260917T031049Z,New canonical URL in complete product sitemap
2026-09-17T03:10:49Z,added,1b3beeffa83b2a29eac6,645601,,Bajne Wala Shankh Vamavarti Small Shell I1 – 6 Inch By 3.2 Inch शंख,https://www.chakradhari.com/products/bajne_wala_shankh_vamavarti_small_shell_I1_6_inch_by_32_inch,,Bajne Wala Shankh Vamavarti Small Shell I1 – 6 Inch By 3.2 Inch शंख,,,,https://www.chakradhari.com/products/bajne_wala_shankh_vamavarti_small_shell_I1_6_inch_by_32_inch,20260917T031049Z,New canonical URL in complete product sitemap
2026-09-17T03:10:49Z,added,7aa4fe7d94843139d7de,645598,,Bajne Wala Shankh Vamavarti Small Shell H1 – 5.75 Inch By 3 Inch शंख,https://www.chakradhari.com/products/bajne_wala_shankh_vamavarti_small_shell_h1_575_inch_by_3_inch,,Bajne Wala Shankh Vamavarti Small Shell H1 – 5.75 Inch By 3 Inch शंख,,,,https://www.chakradhari.com/products/bajne_wala_shankh_vamavarti_small_shell_h1_575_inch_by_3_inch,20260917T031049Z,New canonical URL in complete product sitemap
2026-09-17T03:10:49Z,added,900ec3e58707073abc32,903594,,Clear Quartz Lingam - स्फ़टिक लिंगम,https://www.chakradhari.com/products/clear_quartz_lingam,,Clear Quartz Lingam - स्फ़टिक लिंगम,,,,https://www.chakradhari.com/products/clear_quartz_lingam,20260917T031049Z,New canonical URL in complete product sitemap
2026-09-17T03:10:49Z,added,45fd867c8d7857e2925c,899698,,Clear Quartz Shivling - स्फ़टिक शिवलिंग,https://www.chakradhari.com/products/clear_quartz_shivling,,Clear Quartz Shivling - स्फ़टिक शिवलिंग,,,,https://www.chakradhari.com/products/clear_quartz_shivling,20260917T031049Z,New canonical URL in complete product sitemap
2026-09-17T03:10:49Z,added,c19fd6d8888ed247bbc3,1013789,,Ebony Divine Shubhda Vatsal Cow-कालस्कंद दिव्य शुभदा वत्सल गाय,https://www.chakradhari.com/products/ebony-divine-shubhda-vatsal-cow,,Ebony Divine Shubhda Vatsal Cow-कालस्कंद दिव्य शुभदा वत्सल गाय,,,,https://www.chakradhari.com/products/ebony-divine-shubhda-vatsal-cow,20260917T031049Z,New canonical URL in complete product sitemap
2026-09-17T03:10:49Z,added,3853c0127ed837963dba,645690,,Half-Moon Kharal with Rounded Pestle - Natural Khammam Stone for Grinding,https://www.chakradhari.com/products/half-moon-kharal-rounded-pestle-natural-khammam-stone,,Half-Moon Kharal with Rounded Pestle - Natural Khammam Stone for Grinding,,,,https://www.chakradhari.com/products/half-moon-kharal-rounded-pestle-natural-khammam-stone,20260917T031049Z,New canonical URL in complete product sitemap
2026-09-17T03:10:49Z,added,1428022667d40d078b36,1103288,,Hansraj Capsule Kharal - Herbal Health Supplement for Immunity & Vitality,https://www.chakradhari.com/products/hansraj-capsule-kharal,,Hansraj Capsule Kharal - Herbal Health Supplement for Immunity & Vitality,,,,https://www.chakradhari.com/products/hansraj-capsule-kharal,20260917T031049Z,New canonical URL in complete product sitemap
2026-09-17T03:10:49Z,added,de3a0f6c30147468cbaf,711971,,Hansraj Hexagonal Kharal with Musal for Herbal Medicines & Spice Grinding,https://www.chakradhari.com/products/hansraj-hexagonal-kharal-with-musal,,Hansraj Hexagonal Kharal with Musal for Herbal Medicines & Spice Grinding,,,,https://www.chakradhari.com/products/hansraj-hexagonal-kharal-with-musal,20260917T031049Z,New canonical URL in complete product sitemap
2026-09-17T03:10:49Z,added,1e0ea1f3c58c24ffc9a8,746624,,Havan Kund Vibhuti - हवन विभूति (भस्म) (121gm),https://www.chakradhari.com/products/havan_kund_vibhuti_121gm,,Havan Kund Vibhuti - हवन विभूति (भस्म) (121gm),,,,https://www.chakradhari.com/products/havan_kund_vibhuti_121gm,20260917T031049Z,New canonical URL in complete product sitemap
2026-09-17T03:10:49Z,added,1827bfffd2d23c8e550f,645692,6864778,High-Quality Tamda Stone with Natural Copper for Herbal & Ayurvedic Use,https://www.chakradhari.com/products/high-quality-tamda-stone-with-natural-copper,,High-Quality Tamda Stone with Natural Copper for Herbal & Ayurvedic Use,,,,https://www.chakradhari.com/products/high-quality-tamda-stone-with-natural-copper,20260917T031049Z,New canonical URL in complete product sitemap
2026-09-17T03:10:49Z,added,60410866be6a382a2851,1103328,,"""Khammam Capsule Kharal - Ayurvedic Herbal Medicine for Health & Wellness""",https://www.chakradhari.com/products/khammam-capsule-kharal,,"""Khammam Capsule Kharal - Ayurvedic Herbal Medicine for Health & Wellness""",,,,https://www.chakradhari.com/products/khammam-capsule-kharal,20260917T031049Z,New canonical URL in complete product sitemap
2026-09-17T03:10:49Z,added,e77a12d1285c21ae0746,712019,,Khammam Stone Kharal and Musal for Grinding Herbs & Spices,https://www.chakradhari.com/products/khammam-stone-kharal-musal-grinding-mixing-herbs,,Khammam Stone Kharal and Musal for Grinding Herbs & Spices,,,,https://www.chakradhari.com/products/khammam-stone-kharal-musal-grinding-mixing-herbs,20260917T031049Z,New canonical URL in complete product sitemap
2026-09-17T03:10:49Z,added,11d5268c03528bf1639e,645060,6141585,99.9% Silver Ghumti Bangle for Men | Pure Silver Kada,https://www.chakradhari.com/products/men-silver-bangle-99-9-pure-original,,99.9% Silver Ghumti Bangle for Men | Pure Silver Kada,,,,https://www.chakradhari.com/products/men-silver-bangle-99-9-pure-original,20260917T031049Z,New canonical URL in complete product sitemap
2026-09-17T03:10:49Z,added,348923f76ca51d72485c,1150323,,Natural 03 Face Rudraksha - प्राकृतिक 03 मुखी रुद्राक्ष,https://www.chakradhari.com/products/natural-03-face-rudraksha-03,,Natural 03 Face Rudraksha - प्राकृतिक 03 मुखी रुद्राक्ष,,,,https://www.chakradhari.com/products/natural-03-face-rudraksha-03,20260917T031049Z,New canonical URL in complete product sitemap
2026-09-17T03:10:49Z,added,ebc28eda10ea3bb1d86d,1150324,,Natural 04 Face Rudraksha - प्राकृतिक 04 मुखी रुद्राक्ष,https://www.chakradhari.com/products/natural-04-face-rudraksha-04,,Natural 04 Face Rudraksha - प्राकृतिक 04 मुखी रुद्राक्ष,,,,https://www.chakradhari.com/products/natural-04-face-rudraksha-04,20260917T031049Z,New canonical URL in complete product sitemap
2026-09-17T03:10:49Z,added,fbd752fc1f8d760d86c8,1150325,,Natural 05 Face Rudraksha - प्राकृतिक 05 मुखी रुद्राक्ष,https://www.chakradhari.com/products/natural-05-face-rudraksha-05,,Natural 05 Face Rudraksha - प्राकृतिक 05 मुखी रुद्राक्ष,,,,https://www.chakradhari.com/products/natural-05-face-rudraksha-05,20260917T031049Z,New canonical URL in complete product sitemap
2026-09-17T03:10:49Z,added,f5d50b46cbcc80e7582a,1150326,,Natural 06 Face Rudraksha - प्राकृतिक 06 मुखी रुद्राक्ष,https://www.chakradhari.com/products/natural-06-face-rudraksha-06,,Natural 06 Face Rudraksha - प्राकृतिक 06 मुखी रुद्राक्ष,,,,https://www.chakradhari.com/products/natural-06-face-rudraksha-06,20260917T031049Z,New canonical URL in complete product sitemap
2026-09-17T03:10:49Z,added,5425fe8959625e203534,1150327,,Natural 07 Face Rudraksha - प्राकृतिक 07 मुखी रुद्राक्ष,https://www.chakradhari.com/products/natural-07-face-rudraksha-07,,Natural 07 Face Rudraksha - प्राकृतिक 07 मुखी रुद्राक्ष,,,,https://www.chakradhari.com/products/natural-07-face-rudraksha-07,20260917T031049Z,New canonical URL in complete product sitemap
2026-09-17T03:10:49Z,added,8c892ecad5d9accc137b,1150329,,Natural 08 Face Rudraksha - प्राकृतिक 08 मुखी रुद्राक्ष,https://www.chakradhari.com/products/natural-08-face-rudraksha-08,,Natural 08 Face Rudraksha - प्राकृतिक 08 मुखी रुद्राक्ष,,,,https://www.chakradhari.com/products/natural-08-face-rudraksha-08,20260917T031049Z,New canonical URL in complete product sitemap
2026-09-17T03:10:49Z,added,10c22bc6d92ed8ba65e4,1150331,,Natural 09 Face Rudraksha - प्राकृतिक 09 मुखी रुद्राक्ष,https://www.chakradhari.com/products/natural-09-face-rudraksha-09,,Natural 09 Face Rudraksha - प्राकृतिक 09 मुखी रुद्राक्ष,,,,https://www.chakradhari.com/products/natural-09-face-rudraksha-09,20260917T031049Z,New canonical URL in complete product sitemap
2026-09-17T03:10:49Z,added,6acef6d2efe6c79a7ddd,1150333,,Natural 10 Face Rudraksha - प्राकृतिक 10 मुखी रुद्राक्ष,https://www.chakradhari.com/products/natural-10-face-rudraksha-10,,Natural 10 Face Rudraksha - प्राकृतिक 10 मुखी रुद्राक्ष,,,,https://www.chakradhari.com/products/natural-10-face-rudraksha-10,20260917T031049Z,New canonical URL in complete product sitemap
2026-09-17T03:10:49Z,added,952ec9c86de49e3d9848,1150335,,Natural 11 Face Rudraksha - प्राकृतिक 11 मुखी रुद्राक्ष,https://www.chakradhari.com/products/natural-11-face-rudraksha-11,,Natural 11 Face Rudraksha - प्राकृतिक 11 मुखी रुद्राक्ष,,,,https://www.chakradhari.com/products/natural-11-face-rudraksha-11,20260917T031049Z,New canonical URL in complete product sitemap
2026-09-17T03:10:49Z,added,5e1f29e5e670f787d91a,1150336,,Natural 12 Face Rudraksha - प्राकृतिक 12 मुखी रुद्राक्ष,https://www.chakradhari.com/products/natural-12-face-rudraksha-12,,Natural 12 Face Rudraksha - प्राकृतिक 12 मुखी रुद्राक्ष,,,,https://www.chakradhari.com/products/natural-12-face-rudraksha-12,20260917T031049Z,New canonical URL in complete product sitemap
2026-09-17T03:10:49Z,added,db7a02117b61f5becde6,1150337,,Natural 13 Face Rudraksha - प्राकृतिक 13 मुखी रुद्राक्ष,https://www.chakradhari.com/products/natural-13-face-rudraksha-13,,Natural 13 Face Rudraksha - प्राकृतिक 13 मुखी रुद्राक्ष,,,,https://www.chakradhari.com/products/natural-13-face-rudraksha-13,20260917T031049Z,New canonical URL in complete product sitemap
2026-09-17T03:10:49Z,added,436f4d43d283f722162e,1150402,,Natural 14 Face Rudraksha - प्राकृतिक 14 मुखी रुद्राक्ष,https://www.chakradhari.com/products/natural-14-face-rudraksha-14,,Natural 14 Face Rudraksha - प्राकृतिक 14 मुखी रुद्राक्ष,,,,https://www.chakradhari.com/products/natural-14-face-rudraksha-14,20260917T031049Z,New canonical URL in complete product sitemap
2026-09-17T03:10:49Z,added,5663f4588cbb018f9dc4,1150412,,Natural 15 Face Rudraksha - प्राकृतिक 15 मुखी रुद्राक्ष,https://www.chakradhari.com/products/natural-15-face-rudraksha-15,,Natural 15 Face Rudraksha - प्राकृतिक 15 मुखी रुद्राक्ष,,,,https://www.chakradhari.com/products/natural-15-face-rudraksha-15,20260917T031049Z,New canonical URL in complete product sitemap
2026-09-17T03:10:49Z,added,f095f2b323f3322dff3f,1150416,,Natural Ganesh Rudraksha - प्राकृतिक गणेश रुद्राक्ष,https://www.chakradhari.com/products/natural-ganesh-rudraksha-1,,Natural Ganesh Rudraksha - प्राकृतिक गणेश रुद्राक्ष,,,,https://www.chakradhari.com/products/natural-ganesh-rudraksha-1,20260917T031049Z,New canonical URL in complete product sitemap
2026-09-17T03:10:49Z,added,cefcfa267d3922a3b055,1150419,,Natural Gauri Garbh Rudraksha - प्राकृतिक गौरी गर्भ रुद्राक्ष,https://www.chakradhari.com/products/natural-gauri-garbh-rudraksha,,Natural Gauri Garbh Rudraksha - प्राकृतिक गौरी गर्भ रुद्राक्ष,,,,https://www.chakradhari.com/products/natural-gauri-garbh-rudraksha,20260917T031049Z,New canonical URL in complete product sitemap
2026-09-17T03:10:49Z,added,7f8560802880294e831c,1150418,,Natural Gauri Shankar Rudraksha - प्राकृतिक गौरी शंकर रुद्राक्ष,https://www.chakradhari.com/products/natural-gauri-shankar-rudraksha,,Natural Gauri Shankar Rudraksha - प्राकृतिक गौरी शंकर रुद्राक्ष,,,,https://www.chakradhari.com/products/natural-gauri-shankar-rudraksha,20260917T031049Z,New canonical URL in complete product sitemap
2026-09-17T03:10:49Z,added,434098ef524c993c215e,645689,6074522,Natural Hansraj Stone Mortar & Pestle - Round Mortar with Rounded Pestle,https://www.chakradhari.com/products/natural-hansraj-stone-mortar-pestle-round,,Natural Hansraj Stone Mortar & Pestle - Round Mortar with Rounded Pestle,,,,https://www.chakradhari.com/products/natural-hansraj-stone-mortar-pestle-round,20260917T031049Z,New canonical URL in complete product sitemap
2026-09-17T03:10:49Z,added,ba342d224ad741f0bd3a,1191288,8823844,CHAKRADHARI Natural Rudraksha Rakhi | Handmade Adjustable Raksha Bandhan Rakhi,https://www.chakradhari.com/products/natural-rudraksha-rakhi-authentic-handmade-adjustable-rakhi,,CHAKRADHARI Natural Rudraksha Rakhi | Handmade Adjustable Raksha Bandhan Rakhi,,,,https://www.chakradhari.com/products/natural-rudraksha-rakhi-authentic-handmade-adjustable-rakhi,20260917T031049Z,New canonical URL in complete product sitemap
2026-09-17T03:10:49Z,added,118616b990088ed426a3,712022,,Tamda Hexagonal Kharal - Essential Tool for Herbal and Ayurvedic Medicine,https://www.chakradhari.com/products/productstamda-hexagonal-kharal-herbal-medicine-preparation,,Tamda Hexagonal Kharal - Essential Tool for Herbal and Ayurvedic Medicine,,,,https://www.chakradhari.com/products/productstamda-hexagonal-kharal-herbal-medicine-preparation,20260917T031049Z,New canonical URL in complete product sitemap
2026-09-17T03:10:49Z,added,98de77054e79a373516b,643785,6262395,"""Pure Silver Sandalwood Bracelet – Adjustable & Spiritual Jewelry""",https://www.chakradhari.com/products/pure-silver-sandalwood-bracelet,,"""Pure Silver Sandalwood Bracelet – Adjustable & Spiritual Jewelry""",,,,https://www.chakradhari.com/products/pure-silver-sandalwood-bracelet,20260917T031049Z,New canonical URL in complete product sitemap
2026-09-17T03:10:49Z,added,6600c8b75fcdb46d8ffa,645688,6074508,Rare Hansraj Stone - Crescent Shaped Grinding Stone for Ayurvedic Herbs,https://www.chakradhari.com/products/rare-hansraj-stone-grinding-ayurvedic-herbs,,Rare Hansraj Stone - Crescent Shaped Grinding Stone for Ayurvedic Herbs,,,,https://www.chakradhari.com/products/rare-hansraj-stone-grinding-ayurvedic-herbs,20260917T031049Z,New canonical URL in complete product sitemap
2026-09-17T03:10:49Z,added,03f1f49a13f50a22752d,1149898,,Natural 02 Face Rudraksha - प्राकृतिक 02 मुखी रुद्राक्ष,https://www.chakradhari.com/products/rudraksha-faces-without-capping,,Natural 02 Face Rudraksha - प्राकृतिक 02 मुखी रुद्राक्ष,,,,https://www.chakradhari.com/products/rudraksha-faces-without-capping,20260917T031049Z,New canonical URL in complete product sitemap
2026-09-17T03:10:49Z,added,016d90d203aac148cb1f,645388,8793223,Sandalwood Rub Stone - चन्दन घिसबट्टा,https://www.chakradhari.com/products/sandalwood_rub_stone,,Sandalwood Rub Stone - चन्दन घिसबट्टा,,,,https://www.chakradhari.com/products/sandalwood_rub_stone,20260917T031049Z,New canonical URL in complete product sitemap
2026-09-17T03:10:49Z,added,048fb6f92c239ecde858,1049701,8360404,"""Seemak Ardhchandrakar Kharal – Handcrafted Stone Mortar for Ayurvedic Grinding""",https://www.chakradhari.com/products/seemak-ardhchandrakar-kharal,,"""Seemak Ardhchandrakar Kharal – Handcrafted Stone Mortar for Ayurvedic Grinding""",,,,https://www.chakradhari.com/products/seemak-ardhchandrakar-kharal,20260917T031049Z,New canonical URL in complete product sitemap
2026-09-17T03:10:49Z,added,ced354f58d7f09921f32,1049615,8360373,Seemak Capsule Kharal – Handcrafted Stone Grinder for Ayurvedic & Herbal Capsules,https://www.chakradhari.com/products/seemak-capsule-kharal,,Seemak Capsule Kharal – Handcrafted Stone Grinder for Ayurvedic & Herbal Capsules,,,,https://www.chakradhari.com/products/seemak-capsule-kharal,20260917T031049Z,New canonical URL in complete product sitemap
2026-09-17T03:10:49Z,added,3beb46827b2860f498f8,1049831,8361536,Seemak Hexagonal Kharal – Traditional Stone Mortar for Ayurvedic Grinding,https://www.chakradhari.com/products/seemak-hexagonal-kharal,,Seemak Hexagonal Kharal – Traditional Stone Mortar for Ayurvedic Grinding,,,,https://www.chakradhari.com/products/seemak-hexagonal-kharal,20260917T031049Z,New canonical URL in complete product sitemap
2026-09-17T03:10:49Z,added,18027f68af5afa3e9d7a,1049941,8511707,Seemak Octagonal Kharal – Handcrafted Stone Mortar for Ayurvedic & Herbal Grinding,https://www.chakradhari.com/products/seemak-octagonal-kharal,,Seemak Octagonal Kharal – Handcrafted Stone Mortar for Ayurvedic & Herbal Grinding,,,,https://www.chakradhari.com/products/seemak-octagonal-kharal,20260917T031049Z,New canonical URL in complete product sitemap
2026-09-17T03:10:49Z,added,975d491d1808d9d8c517,1049555,8360230,Seemak Round Kharal – Traditional Stone Grinder for Ayurvedic & Kitchen Use,https://www.chakradhari.com/products/seemak-round-kharal,,Seemak Round Kharal – Traditional Stone Grinder for Ayurvedic & Kitchen Use,,,,https://www.chakradhari.com/products/seemak-round-kharal,20260917T031049Z,New canonical URL in complete product sitemap
2026-09-17T03:10:49Z,added,1b366ee56cab2c4ca67c,645226,,Swarn Abharak – स्वर्ण अभ्रक,https://www.chakradhari.com/products/swarn_abharak,,Swarn Abharak – स्वर्ण अभ्रक,,,,https://www.chakradhari.com/products/swarn_abharak,20260917T031049Z,New canonical URL in complete product sitemap
2026-09-17T03:10:49Z,added,5541173f70130af51e16,645231,,Swarn Bhasm 45 Days Dose – स्वर्ण भस्म 45 दिन की मात्रा,https://www.chakradhari.com/products/swarn_bhasam_45_days_dose,,Swarn Bhasm 45 Days Dose – स्वर्ण भस्म 45 दिन की मात्रा,,,,https://www.chakradhari.com/products/swarn_bhasam_45_days_dose,20260917T031049Z,New canonical URL in complete product sitemap
2026-09-17T03:10:49Z,added,9426935c3130de0f837b,645693,6867628,Rare Hansraj Stone - Crescent Shaped Grinding Stone for Ayurvedic Herbs,https://www.chakradhari.com/products/tamda_round_kharal,,Rare Hansraj Stone - Crescent Shaped Grinding Stone for Ayurvedic Herbs,,,,https://www.chakradhari.com/products/tamda_round_kharal,20260917T031049Z,New canonical URL in complete product sitemap
2026-09-17T03:10:49Z,added,374a0f2b80c8afe8d56b,645062,6141565,99.9% Silver Ghumti Bangle for Women | Pure Silver Kada,https://www.chakradhari.com/products/women-silver-bangle-99-9-pure-original,,99.9% Silver Ghumti Bangle for Women | Pure Silver Kada,,,,https://www.chakradhari.com/products/women-silver-bangle-99-9-pure-original,20260917T031049Z,New canonical URL in complete product sitemap
2026-09-17T03:10:49Z,missing_after_one_scan,fc94d983103ff3d97f8e,,,99.9% Silver Sikh Bangle for Men,https://www.chakradhari.com/products/999-silver-gents-sikh-bangle,,,,,,https://www.chakradhari.com/products/999-silver-gents-sikh-bangle,20260917T031049Z,Absent from successful complete product sitemap scan
2026-09-17T03:10:49Z,missing_after_one_scan,b907a10a9172479ec76c,,,99.9% Silver Ghumti Bangle for Men,https://www.chakradhari.com/products/gents-silver-bangle-99-9-pure-original,,,,,,https://www.chakradhari.com/products/gents-silver-bangle-99-9-pure-original,20260917T031049Z,Absent from successful complete product sitemap scan
2026-09-17T03:10:49Z,missing_after_one_scan,3fb647a1c98f808029e8,,,99.9% Silver Ghumti Bangle for Women,https://www.chakradhari.com/products/ladies-silver-bangle-99-9-pure-original,,,,,,https://www.chakradhari.com/products/ladies-silver-bangle-99-9-pure-original,20260917T031049Z,Absent from successful complete product sitemap scan
2026-09-17T03:14:20Z,added,a577d2e41f086328bbef,,,Natural 02 Face Rudraksha,https://www.chakradhari.com/products/NATURAL 02 FACE RUDRAKSHA,,Natural 02 Face Rudraksha,,,,https://www.chakradhari.com/products/NATURAL 02 FACE RUDRAKSHA,20260917T031420Z,New canonical URL in complete product sitemap; detail page unavailable
2026-09-17T03:14:20Z,added,68368978666116befc45,,,Natural 02 Face Rudraksha,https://www.chakradhari.com/products/natural-02-face-rudraksha,,Natural 02 Face Rudraksha,,,,https://www.chakradhari.com/products/natural-02-face-rudraksha,20260917T031420Z,New canonical URL in complete product sitemap; detail page unavailable
2026-09-17T03:14:20Z,added,e8a5f5b510b9dc4c1d56,,,Natural 02 Face Rudraksha R Rrrrrrrr 02 Rrrr Rrrrrrr,https://www.chakradhari.com/products/natural-02-face-rudraksha-r-rrrrrrrr-02-rrrr-rrrrrrr,,Natural 02 Face Rudraksha R Rrrrrrrr 02 Rrrr Rrrrrrr,,,,https://www.chakradhari.com/products/natural-02-face-rudraksha-r-rrrrrrrr-02-rrrr-rrrrrrr,20260917T031420Z,New canonical URL in complete product sitemap; detail page unavailable
2026-09-17T03:14:20Z,added,4acbcc61b51a58e14d16,,,Natural 02 Face Rudraksha R Rrrrrrrr 02 Rrrr Rrrrrrr 1,https://www.chakradhari.com/products/natural-02-face-rudraksha-r-rrrrrrrr-02-rrrr-rrrrrrr-1,,Natural 02 Face Rudraksha R Rrrrrrrr 02 Rrrr Rrrrrrr 1,,,,https://www.chakradhari.com/products/natural-02-face-rudraksha-r-rrrrrrrr-02-rrrr-rrrrrrr-1,20260917T031420Z,New canonical URL in complete product sitemap; detail page unavailable
2026-09-17T03:14:20Z,added,dd1554285a07d4d44bd1,,,Natural 02 Face Rudraksha R Rrrrrrrr 02 Rrrr Rrrrrrr 2,https://www.chakradhari.com/products/natural-02-face-rudraksha-r-rrrrrrrr-02-rrrr-rrrrrrr-2,,Natural 02 Face Rudraksha R Rrrrrrrr 02 Rrrr Rrrrrrr 2,,,,https://www.chakradhari.com/products/natural-02-face-rudraksha-r-rrrrrrrr-02-rrrr-rrrrrrr-2,20260917T031420Z,New canonical URL in complete product sitemap; detail page unavailable
2026-09-17T03:14:20Z,added,cb6ec7cc7e6f80d3423d,,,Natural 03 Face Rudraksha,https://www.chakradhari.com/products/natural-03-face-rudraksha,,Natural 03 Face Rudraksha,,,,https://www.chakradhari.com/products/natural-03-face-rudraksha,20260917T031420Z,New canonical URL in complete product sitemap; detail page unavailable
2026-09-18T03:09:13Z,removed_after_two_consecutive_successful_full_scans,fc94d983103ff3d97f8e,,,99.9% Silver Sikh Bangle for Men,https://www.chakradhari.com/products/999-silver-gents-sikh-bangle,,,,,,https://www.chakradhari.com/products/999-silver-gents-sikh-bangle,20260918T030913Z,Absent from two consecutive successful complete product sitemap scans
2026-09-18T03:09:13Z,missing_after_one_scan,1856c5fdb9efcad3579d,,,Phool Bronze Vishal Puja Bell,https://www.chakradhari.com/products/bronze_vishal_puja_bell,,,,,,https://www.chakradhari.com/products/bronze_vishal_puja_bell,20260918T030913Z,Absent from successful complete product sitemap scan
2026-09-18T03:09:13Z,removed_after_two_consecutive_successful_full_scans,b907a10a9172479ec76c,,,99.9% Silver Ghumti Bangle for Men,https://www.chakradhari.com/products/gents-silver-bangle-99-9-pure-original,,,,,,https://www.chakradhari.com/products/gents-silver-bangle-99-9-pure-original,20260918T030913Z,Absent from two consecutive successful complete product sitemap scans
2026-09-18T03:09:13Z,removed_after_two_consecutive_successful_full_scans,3fb647a1c98f808029e8,,,99.9% Silver Ghumti Bangle for Women,https://www.chakradhari.com/products/ladies-silver-bangle-99-9-pure-original,,,,,,https://www.chakradhari.com/products/ladies-silver-bangle-99-9-pure-original,20260918T030913Z,Absent from two consecutive successful complete product sitemap scans
2026-09-18T03:09:13Z,missing_after_one_scan,f9563a43df0d3cdaf03d,,,Phool Bronze Small Taal Instrument,https://www.chakradhari.com/products/small_bronze_taal_instrument,,,,,,https://www.chakradhari.com/products/small_bronze_taal_instrument,20260918T030913Z,Absent from successful complete product sitemap scan
2026-09-19T02:57:19Z,removed_after_two_consecutive_successful_full_scans,1856c5fdb9efcad3579d,,,Phool Bronze Vishal Puja Bell,https://www.chakradhari.com/products/bronze_vishal_puja_bell,,,,,,https://www.chakradhari.com/products/bronze_vishal_puja_bell,20260919T025719Z,Absent from two consecutive successful complete product sitemap scans
2026-09-19T02:57:19Z,removed_after_two_consecutive_successful_full_scans,f9563a43df0d3cdaf03d,,,Phool Bronze Small Taal Instrument,https://www.chakradhari.com/products/small_bronze_taal_instrument,,,,,,https://www.chakradhari.com/products/small_bronze_taal_instrument,20260919T025719Z,Absent from two consecutive successful complete product sitemap scans
2026-09-20T03:03:12Z,added,983126c92340f3687e5d,1206149,,Handcrafted Steel Shaligram Mala (30 Beads) | Spiritual Mala,https://www.chakradhari.com/products/handcrafted-steel-shaligram-mala,,,,,,https://www.chakradhari.com/products/handcrafted-steel-shaligram-mala,20260920T030312Z,New to product sitemap
2026-09-20T03:03:12Z,added,725b5d5b59f607cc3c5e,1206091,,Handcrafted White Sandalwood Hair Comb | Natural Wooden Comb,https://www.chakradhari.com/products/handcrafted-white-sandalwood-hair-comb,,,,,,https://www.chakradhari.com/products/handcrafted-white-sandalwood-hair-comb,20260920T030312Z,New to product sitemap
2026-09-20T03:03:12Z,missing_after_one_scan,9c17138ebbca8dc00bf9,,,Tulsi Mala 108 Plus 1 Beads – तुलसी माला (एक सौ आठ संग गुरु - मनका),https://www.chakradhari.com/products/tulsi-chanting-mala-108-1-beads,,,,,,https://www.chakradhari.com/products/tulsi-chanting-mala-108-1-beads,20260920T030312Z,Absent from complete product sitemap
2026-09-20T03:03:12Z,source_added,,,,,https://www.chakradhari.com/products/handcrafted-steel-shaligram-mala,,,,,,https://www.chakradhari.com/products/handcrafted-steel-shaligram-mala,20260920T030312Z,product
2026-09-20T03:03:12Z,source_added,,,,,https://www.chakradhari.com/products/handcrafted-white-sandalwood-hair-comb,,,,,,https://www.chakradhari.com/products/handcrafted-white-sandalwood-hair-comb,20260920T030312Z,product
2026-09-21T02:36:16Z,removed_after_two_consecutive_successful_full_scans,9c17138ebbca8dc00bf9,,,Tulsi Mala 108 Plus 1 Beads – तुलसी माला (एक सौ आठ संग गुरु - मनका),https://www.chakradhari.com/products/tulsi-chanting-mala-108-1-beads,,,,,,https://www.chakradhari.com/products/tulsi-chanting-mala-108-1-beads,20260921T023616Z,Absent from two consecutive successful complete product sitemap scans
2026-09-21T02:36:16Z,source_retired,,,,,https://www.chakradhari.com/products/gents-silver-bangle-99-9-pure-original,https://www.chakradhari.com/products/gents-silver-bangle-99-9-pure-original,,,,,https://www.chakradhari.com/sitemap/products/1.xml,20260921T023616Z,Absent from complete product sitemap; source retained with history
2026-09-21T02:36:16Z,source_retired,,,,,https://www.chakradhari.com/products/ladies-silver-bangle-99-9-pure-original,https://www.chakradhari.com/products/ladies-silver-bangle-99-9-pure-original,,,,,https://www.chakradhari.com/sitemap/products/1.xml,20260921T023616Z,Absent from complete product sitemap; source retained with history
2026-09-21T02:36:16Z,source_retired,,,,,https://www.chakradhari.com/products/999-silver-gents-sikh-bangle,https://www.chakradhari.com/products/999-silver-gents-sikh-bangle,,,,,https://www.chakradhari.com/sitemap/products/1.xml,20260921T023616Z,Absent from complete product sitemap; source retained with history
2026-09-21T02:36:16Z,source_retired,,,,,https://www.chakradhari.com/products/small_bronze_taal_instrument,https://www.chakradhari.com/products/small_bronze_taal_instrument,,,,,https://www.chakradhari.com/sitemap/products/1.xml,20260921T023616Z,Absent from complete product sitemap; source retained with history
2026-09-21T02:36:16Z,source_retired,,,,,https://www.chakradhari.com/products/bronze_vishal_puja_bell,https://www.chakradhari.com/products/bronze_vishal_puja_bell,,,,,https://www.chakradhari.com/sitemap/products/1.xml,20260921T023616Z,Absent from complete product sitemap; source retained with history
2026-09-21T02:36:16Z,source_retired,,,,,https://www.chakradhari.com/products/tulsi-chanting-mala-108-1-beads,https://www.chakradhari.com/products/tulsi-chanting-mala-108-1-beads,,,,,https://www.chakradhari.com/sitemap/products/1.xml,20260921T023616Z,Absent from complete product sitemap; source retained with history
2026-09-22T02:41:07Z,price_increase,fd98f7f6e8d0f1af91cd,,,100% Original Ayurvedic Kumkum: Made with Traditional Process with Healing Powers (151gm),https://www.chakradhari.com/products/pure-authentic-kumkum-spiritual-scientific-astrological-benefits,₹ 201,₹ 351,201,351,74.63,https://www.chakradhari.com/products/pure-authentic-kumkum-spiritual-scientific-astrological-benefits,20260922T024107Z,Homepage listing and product JSON-LD both verified; structured offer price used.
2026-09-22T02:41:07Z,price_increase,08e1105f1680999e5f34,,,Ritika Brass Maha Meru Shri Yantra with Perfect Dimensions,https://www.chakradhari.com/products/mahameru-shri-yantra-for-spiritual-prosperity-protection,"₹ 4,100","₹ 7,751",4100,7751,89.05,https://www.chakradhari.com/products/mahameru-shri-yantra-for-spiritual-prosperity-protection,20260922T024107Z,Homepage listing and product JSON-LD both verified; structured offer price used.
